<?xml version="1.0" encoding="UTF-8"?>
<beans xmlns="http://www.springframework.org/schema/beans"
    xmlns:xsi="http://www.w3.org/2001/XMLSchema-instance"
    xmlns:context="http://www.springframework.org/schema/context"  
    xmlns:aop="http://www.springframework.org/schema/aop"  
    xsi:schemaLocation="http://www.springframework.org/schema/beans 
    http://www.springframework.org/schema/beans/spring-beans.xsd    
    http://www.springframework.org/schema/beans
    http://www.springframework.org/schema/beans/spring-beans-3.0.xsd
    http://www.springframework.org/schema/context
    http://www.springframework.org/schema/context/spring-context-3.0.xsd
    http://www.springframework.org/schema/aop 
    http://www.springframework.org/schema/aop/spring-aop-3.0.xsd">


<!-- <context:annotation-config/> -->
<context:component-scan base-package="com.nucleus"/>
<bean id="adr1" class="com.nucleus.autowiring.Address">
<property name="city" value="Mumbai"/>
<property name="state" value="Maharashra"/>
</bean>

<bean id="address2" class="com.nucleus.autowiring.Address">
<property name="city" value="New Delhi"/>
<property name="state" value="Delhi"/>
</bean>


<!-- <bean id="std1" class="com.nucleus.autowiring.Student"  autowire="byType"> -->
<!-- <bean id="std1" class="com.nucleus.autowiring.Student"  autowire="byName"> -->
<bean id="std1" class="com.nucleus.autowiring.Student">
<property name="stdId" value="101"/>
<property name="sname" value="abc"/>
<!-- <property name="address" ref="adr2"/> -->
</bean>

<!-- Inner Bean -->
<!-- <bean id="std2" class="com.nucleus.autowiring.Student">
<property name="stdId" value="101"/>
<property name="sname" value="abc"/>
<property name="address">
<bean class="com.nucleus.autowiring.Address">
<property name="city" value="New Delhi"/>
<property name="state" value="Delhi"/>
</bean>
</property>
</bean> -->
<!-- Inner Bean -->

    </beans>