<?xml version="1.0" encoding="UTF-8"?>
<beans xmlns="http://www.springframework.org/schema/beans"
    xmlns:xsi="http://www.w3.org/2001/XMLSchema-instance"
    xmlns:context="http://www.springframework.org/schema/context"    
    xsi:schemaLocation="http://www.springframework.org/schema/beans 
    http://www.springframework.org/schema/beans/spring-beans.xsd    
    http://www.springframework.org/schema/beans
    http://www.springframework.org/schema/beans/spring-beans-3.0.xsd
    http://www.springframework.org/schema/context
    http://www.springframework.org/schema/context/spring-context-3.0.xsd">



<bean id="adr" scope="prototype" abstract="true">
<property name="city" value="New Delhi"/>
<property name="country" value="India"/>
</bean>

<bean id="adr1" class="com.nucleus.Address" parent="adr">
</bean>

<bean id="adr2" class="com.nucleus.Address" parent="adr">
<property name="country" value="USA"/>
</bean>
    </beans>